__id__,__linked_objects_has_more__,__linked_objects_total_count__,__linked_objects_type__,__linked_objects_data_category__,__linked_objects_data_id__,__linked_objects_data_type__,__linked_objects_data__
207403600616380,False,0,list,NULL,NULL,NULL,NULL
207403600323810,False,0,list,NULL,NULL,NULL,NULL
207403600606406,False,0,list,NULL,NULL,NULL,NULL
207403600606981,False,0,list,NULL,NULL,NULL,NULL
207403600604791,False,0,list,NULL,NULL,NULL,NULL
207403600599708,False,0,list,NULL,NULL,NULL,NULL
207403600611632,False,0,list,NULL,NULL,NULL,NULL
207403600603673,False,0,list,NULL,NULL,NULL,NULL
207403600606653,False,0,list,NULL,NULL,NULL,NULL
207403600614519,False,0,list,NULL,NULL,NULL,NULL
207403600602517,False,0,list,NULL,NULL,NULL,NULL
207403600588239,False,0,list,NULL,NULL,NULL,NULL
207403600616704,False,0,list,NULL,NULL,NULL,NULL
207403600368864,False,0,list,NULL,NULL,NULL,NULL
207403600600079,False,0,list,NULL,NULL,NULL,NULL
207403600601499,False,0,list,NULL,NULL,NULL,NULL
207403600599050,False,0,list,NULL,NULL,NULL,NULL
207403600574721,False,0,list,NULL,NULL,NULL,NULL
207403600615861,False,0,list,NULL,NULL,NULL,NULL
207403600606757,False,0,list,NULL,NULL,NULL,NULL
207403600614628,False,0,list,NULL,NULL,NULL,NULL
207403600599192,False,0,list,NULL,NULL,NULL,NULL
207403600610399,False,0,list,NULL,NULL,NULL,NULL
207403600592154,False,0,list,NULL,NULL,NULL,NULL
207403600615630,False,0,list,NULL,NULL,NULL,NULL
207403600244306,False,0,list,NULL,NULL,NULL,NULL
207403600591711,False,0,list,NULL,NULL,NULL,NULL
207403600604359,False,0,list,NULL,NULL,NULL,NULL
207403600600953,False,0,list,NULL,NULL,NULL,NULL
207403600597694,False,0,list,NULL,NULL,NULL,NULL
207403600545802,False,0,list,NULL,NULL,NULL,NULL
207403600610583,False,0,list,NULL,NULL,NULL,NULL
207403600606470,False,0,list,NULL,NULL,NULL,NULL
207403600604826,False,0,list,NULL,NULL,NULL,NULL
207403600615284,False,0,list,NULL,NULL,NULL,NULL
207403600606389,False,0,list,NULL,NULL,NULL,NULL
207403600605956,False,0,list,NULL,NULL,NULL,NULL
207403600607656,False,0,list,NULL,NULL,NULL,NULL
207403600604077,False,0,list,NULL,NULL,NULL,NULL
207403600611714,False,0,list,NULL,NULL,NULL,NULL
207403600607463,False,0,list,NULL,NULL,NULL,NULL
207403600611984,False,0,list,NULL,NULL,NULL,NULL
207403600608355,False,0,list,NULL,NULL,NULL,NULL
207403600606895,False,0,list,NULL,NULL,NULL,NULL
207403600597926,False,0,list,NULL,NULL,NULL,NULL
207403600607931,False,0,list,NULL,NULL,NULL,NULL
207403600600604,False,0,list,NULL,NULL,NULL,NULL
207403600605542,False,0,list,NULL,NULL,NULL,NULL
207403600594024,False,0,list,NULL,NULL,NULL,NULL
207403600615066,False,0,list,NULL,NULL,NULL,NULL
207403600602511,False,0,list,NULL,NULL,NULL,NULL
207403600599914,False,0,list,NULL,NULL,NULL,NULL
207403600616893,False,0,list,NULL,NULL,NULL,NULL
207403600616147,False,0,list,NULL,NULL,NULL,NULL
207403600606813,False,0,list,NULL,NULL,NULL,NULL
207403600616449,False,0,list,NULL,NULL,NULL,NULL
207403600025173,False,0,list,NULL,NULL,NULL,NULL
207403600598687,False,0,list,NULL,NULL,NULL,NULL
207403600599388,False,0,list,NULL,NULL,NULL,NULL
207403600594745,False,0,list,NULL,NULL,NULL,NULL
207403600601643,False,0,list,NULL,NULL,NULL,NULL
207403600606855,False,0,list,NULL,NULL,NULL,NULL
207403600606619,False,0,list,NULL,NULL,NULL,NULL
207403600614619,False,0,list,NULL,NULL,NULL,NULL
207403600477961,False,0,list,NULL,NULL,NULL,NULL
207403600605144,False,0,list,NULL,NULL,NULL,NULL
207403600599834,False,0,list,NULL,NULL,NULL,NULL
207403600615431,False,0,list,NULL,NULL,NULL,NULL
207403600599392,False,0,list,NULL,NULL,NULL,NULL
207403600595863,False,0,list,NULL,NULL,NULL,NULL
207403600599164,False,0,list,NULL,NULL,NULL,NULL
207403600606198,False,0,list,NULL,NULL,NULL,NULL
207403600614772,False,0,list,NULL,NULL,NULL,NULL
207403600571599,False,0,list,NULL,NULL,NULL,NULL
207403600599757,False,0,list,NULL,NULL,NULL,NULL
207403600611161,False,0,list,NULL,NULL,NULL,NULL
207403600611971,False,0,list,NULL,NULL,NULL,NULL
207403600292306,False,0,list,NULL,NULL,NULL,NULL
207403600600956,False,0,list,NULL,NULL,NULL,NULL
207403600606467,False,0,list,NULL,NULL,NULL,NULL
207403600595777,False,0,list,NULL,NULL,NULL,NULL
207403600597143,False,0,list,NULL,NULL,NULL,NULL
207403600616216,False,0,list,NULL,NULL,NULL,NULL
207403600565766,False,0,list,NULL,NULL,NULL,NULL
207403600595580,False,0,list,NULL,NULL,NULL,NULL
207403600318278,False,0,list,NULL,NULL,NULL,NULL
207403600615275,False,0,list,NULL,NULL,NULL,NULL
207403600252679,False,0,list,NULL,NULL,NULL,NULL
207403600612117,False,0,list,NULL,NULL,NULL,NULL
207403600383551,False,0,list,NULL,NULL,NULL,NULL
207403600594653,False,0,list,NULL,NULL,NULL,NULL
207403600606539,False,0,list,NULL,NULL,NULL,NULL
207403600606902,False,0,list,NULL,NULL,NULL,NULL
207403600606631,False,0,list,NULL,NULL,NULL,NULL
207403600610574,False,0,list,NULL,NULL,NULL,NULL
207403600612944,False,0,list,NULL,NULL,NULL,NULL
207403600614133,False,0,list,NULL,NULL,NULL,NULL
207403600607578,False,0,list,NULL,NULL,NULL,NULL
207403600591342,False,0,list,NULL,NULL,NULL,NULL
207403600534394,False,0,list,NULL,NULL,NULL,NULL
207403600600736,False,0,list,NULL,NULL,NULL,NULL
207403600606866,False,0,list,NULL,NULL,NULL,NULL
207403600605893,False,0,list,NULL,NULL,NULL,NULL
207403600584911,False,0,list,NULL,NULL,NULL,NULL
207403600125964,False,0,list,NULL,NULL,NULL,NULL
207403600607360,False,0,list,NULL,NULL,NULL,NULL
207403600600819,False,0,list,NULL,NULL,NULL,NULL
207403600614056,False,0,list,NULL,NULL,NULL,NULL
207403600614664,False,0,list,NULL,NULL,NULL,NULL
207403600607603,False,0,list,NULL,NULL,NULL,NULL
207403600603948,False,0,list,NULL,NULL,NULL,NULL
207403600597284,False,0,list,NULL,NULL,NULL,NULL
207403600610351,False,0,list,NULL,NULL,NULL,NULL
207403600614661,False,0,list,NULL,NULL,NULL,NULL
207403600381825,False,0,list,NULL,NULL,NULL,NULL
207403600604168,False,0,list,NULL,NULL,NULL,NULL
207403600604255,False,0,list,NULL,NULL,NULL,NULL
207403600511084,False,0,list,NULL,NULL,NULL,NULL
207403600572040,False,0,list,NULL,NULL,NULL,NULL
207403600610326,False,0,list,NULL,NULL,NULL,NULL
207403600610940,False,0,list,NULL,NULL,NULL,NULL
207403600604888,False,0,list,NULL,NULL,NULL,NULL
207403600251468,False,0,list,NULL,NULL,NULL,NULL
207403600252954,False,0,list,NULL,NULL,NULL,NULL
207403600610924,False,0,list,NULL,NULL,NULL,NULL
207403600605936,False,0,list,NULL,NULL,NULL,NULL
207403600616804,False,0,list,NULL,NULL,NULL,NULL
207403600613390,False,0,list,NULL,NULL,NULL,NULL
207403600611684,False,0,list,NULL,NULL,NULL,NULL
207403600604574,False,0,list,NULL,NULL,NULL,NULL
207403600608722,False,0,list,NULL,NULL,NULL,NULL
207403600610568,False,0,list,NULL,NULL,NULL,NULL
207403600604309,False,0,list,NULL,NULL,NULL,NULL
207403600604637,False,0,list,NULL,NULL,NULL,NULL
207403600603987,False,0,list,NULL,NULL,NULL,NULL
207403600607623,False,0,list,NULL,NULL,NULL,NULL
207403600610548,False,0,list,NULL,NULL,NULL,NULL
207403600614369,False,0,list,NULL,NULL,NULL,NULL
207403600611039,False,0,list,NULL,NULL,NULL,NULL
207403600602222,False,0,list,NULL,NULL,NULL,NULL
207403600614837,False,0,list,NULL,NULL,NULL,NULL
207403600616111,False,0,list,NULL,NULL,NULL,NULL
207403600610061,False,0,list,NULL,NULL,NULL,NULL
207403600612900,False,0,list,NULL,NULL,NULL,NULL
207403600605700,False,0,list,NULL,NULL,NULL,NULL
207403600605819,False,0,list,NULL,NULL,NULL,NULL
207403600595195,False,0,list,NULL,NULL,NULL,NULL
207403600614367,False,0,list,NULL,NULL,NULL,NULL
207403600604333,False,0,list,NULL,NULL,NULL,NULL
207403600606252,False,0,list,NULL,NULL,NULL,NULL
207403600612036,False,0,list,NULL,NULL,NULL,NULL
207403600602221,False,0,list,NULL,NULL,NULL,NULL
207403600605632,False,0,list,NULL,NULL,NULL,NULL
207403600616479,False,0,list,NULL,NULL,NULL,NULL
207403600614401,False,0,list,NULL,NULL,NULL,NULL
207403600611697,False,0,list,NULL,NULL,NULL,NULL
207403600601482,False,0,list,NULL,NULL,NULL,NULL
207403600607213,False,0,list,NULL,NULL,NULL,NULL
207403600614213,False,0,list,NULL,NULL,NULL,NULL
207403600606188,False,0,list,NULL,NULL,NULL,NULL
207403600616546,False,0,list,NULL,NULL,NULL,NULL
207403600611748,False,0,list,NULL,NULL,NULL,NULL
207403600608713,False,0,list,NULL,NULL,NULL,NULL
207403600607961,False,0,list,NULL,NULL,NULL,NULL
207403600597495,False,0,list,NULL,NULL,NULL,NULL
207403600605880,False,0,list,NULL,NULL,NULL,NULL
207403600606182,False,0,list,NULL,NULL,NULL,NULL
207403600605365,False,0,list,NULL,NULL,NULL,NULL
207403600603802,False,0,list,NULL,NULL,NULL,NULL
207403600606349,False,0,list,NULL,NULL,NULL,NULL
207403600607516,False,0,list,NULL,NULL,NULL,NULL
207403600591831,False,0,list,NULL,NULL,NULL,NULL
207403600614407,False,0,list,NULL,NULL,NULL,NULL
207403600606258,False,0,list,NULL,NULL,NULL,NULL
207403600610570,False,0,list,NULL,NULL,NULL,NULL
207403600603875,False,0,list,NULL,NULL,NULL,NULL
207403600607479,False,0,list,NULL,NULL,NULL,NULL
207403600497967,False,0,list,NULL,NULL,NULL,NULL
207403600610723,False,0,list,NULL,NULL,NULL,NULL
207403600605613,False,0,list,NULL,NULL,NULL,NULL
207403600615271,False,0,list,NULL,NULL,NULL,NULL
207403600605591,False,0,list,NULL,NULL,NULL,NULL
207403600591829,False,0,list,NULL,NULL,NULL,NULL
207403600613014,False,0,list,NULL,NULL,NULL,NULL
207403600599519,False,0,list,NULL,NULL,NULL,NULL
207403600616837,False,0,list,NULL,NULL,NULL,NULL
207403600608472,False,0,list,NULL,NULL,NULL,NULL
207403600544426,False,0,list,NULL,NULL,NULL,NULL
207403600604994,False,0,list,NULL,NULL,NULL,NULL
207403600559629,False,0,list,NULL,NULL,NULL,NULL
207403600600823,False,0,list,NULL,NULL,NULL,NULL
207403600612828,False,0,list,NULL,NULL,NULL,NULL
207403600598971,False,0,list,NULL,NULL,NULL,NULL
207403600605685,False,0,list,NULL,NULL,NULL,NULL
207403600595148,False,0,list,NULL,NULL,NULL,NULL
207403600611773,False,0,list,NULL,NULL,NULL,NULL
207403600614677,False,0,list,NULL,NULL,NULL,NULL
207403600542672,False,0,list,NULL,NULL,NULL,NULL
207403600588710,False,0,list,NULL,NULL,NULL,NULL
207403600420541,False,0,list,NULL,NULL,NULL,NULL
207403600606715,False,0,list,NULL,NULL,NULL,NULL
207403600393128,False,0,list,NULL,NULL,NULL,NULL
207403600610208,False,0,list,NULL,NULL,NULL,NULL
207403600535170,False,0,list,NULL,NULL,NULL,NULL
207403600607364,False,0,list,NULL,NULL,NULL,NULL
207403600538569,False,0,list,NULL,NULL,NULL,NULL
207403600546405,False,0,list,NULL,NULL,NULL,NULL
207403600593895,False,0,list,NULL,NULL,NULL,NULL
207403600610879,False,0,list,NULL,NULL,NULL,NULL
207403600594520,False,0,list,NULL,NULL,NULL,NULL
207403600238728,False,0,list,NULL,NULL,NULL,NULL
207403600165194,False,0,list,NULL,NULL,NULL,NULL
207403600594032,False,0,list,NULL,NULL,NULL,NULL
207403600590832,False,0,list,NULL,NULL,NULL,NULL
207403600034254,False,0,list,NULL,NULL,NULL,NULL
207403600600040,False,0,list,NULL,NULL,NULL,NULL
207403600540267,False,0,list,NULL,NULL,NULL,NULL
207403600606548,False,0,list,NULL,NULL,NULL,NULL
207403600594977,False,0,list,NULL,NULL,NULL,NULL
207403600605973,False,0,list,NULL,NULL,NULL,NULL
207403600612077,False,0,list,NULL,NULL,NULL,NULL
207403600569258,False,0,list,NULL,NULL,NULL,NULL
207403600610550,False,0,list,NULL,NULL,NULL,NULL
207403600604547,False,0,list,NULL,NULL,NULL,NULL
207403600601738,False,0,list,NULL,NULL,NULL,NULL
207403600616067,False,0,list,NULL,NULL,NULL,NULL
207403600606082,False,0,list,NULL,NULL,NULL,NULL
207403600606400,False,0,list,NULL,NULL,NULL,NULL
207403600459241,False,0,list,NULL,NULL,NULL,NULL
207403600606643,False,0,list,NULL,NULL,NULL,NULL
207403600607469,False,0,list,NULL,NULL,NULL,NULL
207403600616573,False,0,list,NULL,NULL,NULL,NULL
207403600565228,False,0,list,NULL,NULL,NULL,NULL
207403600605754,False,0,list,NULL,NULL,NULL,NULL
207403600608113,False,0,list,NULL,NULL,NULL,NULL
207403600612015,False,0,list,NULL,NULL,NULL,NULL
207403600610726,False,0,list,NULL,NULL,NULL,NULL
207403600611861,False,0,list,NULL,NULL,NULL,NULL
207403600605659,False,0,list,NULL,NULL,NULL,NULL
207403600604617,False,0,list,NULL,NULL,NULL,NULL
207403600608130,False,0,list,NULL,NULL,NULL,NULL
207403600610356,False,0,list,NULL,NULL,NULL,NULL
207403600616025,False,0,list,NULL,NULL,NULL,NULL
207403600612039,False,0,list,NULL,NULL,NULL,NULL
207403600608726,False,0,list,NULL,NULL,NULL,NULL
207403600612073,False,0,list,NULL,NULL,NULL,NULL
207403600606623,False,0,list,NULL,NULL,NULL,NULL
207403600616213,False,0,list,NULL,NULL,NULL,NULL
207403600604075,False,0,list,NULL,NULL,NULL,NULL
207403600612063,False,0,list,NULL,NULL,NULL,NULL
207403600394823,False,0,list,NULL,NULL,NULL,NULL
207403600597903,False,0,list,NULL,NULL,NULL,NULL
207403600599780,False,0,list,NULL,NULL,NULL,NULL
207403600607963,False,0,list,NULL,NULL,NULL,NULL
207403600611041,False,0,list,NULL,NULL,NULL,NULL
207403600592034,False,0,list,NULL,NULL,NULL,NULL
207403600614688,False,0,list,NULL,NULL,NULL,NULL
207403600614689,False,0,list,NULL,NULL,NULL,NULL
207403600610352,False,0,list,NULL,NULL,NULL,NULL
207403600601465,False,0,list,NULL,NULL,NULL,NULL
207403600592422,False,0,list,NULL,NULL,NULL,NULL
207403600501325,False,0,list,NULL,NULL,NULL,NULL
207403600568346,False,0,list,NULL,NULL,NULL,NULL
207403600593771,False,0,list,NULL,NULL,NULL,NULL
207403600599945,False,0,list,NULL,NULL,NULL,NULL
207403600607447,False,0,list,NULL,NULL,NULL,NULL
207403600594546,False,0,list,NULL,NULL,NULL,NULL
207403600605730,False,0,list,NULL,NULL,NULL,NULL
207403600603738,False,0,list,NULL,NULL,NULL,NULL
207403600585003,False,0,list,NULL,NULL,NULL,NULL
207403600591015,False,0,list,NULL,NULL,NULL,NULL
207403600359949,False,0,list,NULL,NULL,NULL,NULL
207403600613693,False,0,list,NULL,NULL,NULL,NULL
207403600605718,False,0,list,NULL,NULL,NULL,NULL
207403600616308,False,0,list,NULL,NULL,NULL,NULL
207403600603807,False,0,list,NULL,NULL,NULL,NULL
207403600604401,False,0,list,NULL,NULL,NULL,NULL
207403600605282,False,0,list,NULL,NULL,NULL,NULL
207403600611923,False,0,list,NULL,NULL,NULL,NULL
207403600616550,False,0,list,NULL,NULL,NULL,NULL
207403600261659,False,0,list,NULL,NULL,NULL,NULL
207403600614358,False,0,list,NULL,NULL,NULL,NULL
207403600606363,False,0,list,NULL,NULL,NULL,NULL
207403600610685,False,0,list,NULL,NULL,NULL,NULL
207403600607915,False,0,list,NULL,NULL,NULL,NULL
207403600612246,False,0,list,NULL,NULL,NULL,NULL
207403600600754,False,0,list,NULL,NULL,NULL,NULL
207403600610740,False,0,list,NULL,NULL,NULL,NULL
207403600612149,False,0,list,NULL,NULL,NULL,NULL
207403600601090,False,0,list,NULL,NULL,NULL,NULL
207403600604234,False,0,list,NULL,NULL,NULL,NULL
207403600602128,False,0,list,NULL,NULL,NULL,NULL
207403600610988,False,0,list,NULL,NULL,NULL,NULL
207403600607832,False,0,list,NULL,NULL,NULL,NULL
207403600615255,False,0,list,NULL,NULL,NULL,NULL
207403600607904,False,0,list,NULL,NULL,NULL,NULL
207403600011864,False,0,list,NULL,NULL,NULL,NULL
207403600604320,False,0,list,NULL,NULL,NULL,NULL
207403600605189,False,0,list,NULL,NULL,NULL,NULL
207403600607345,False,0,list,NULL,NULL,NULL,NULL
207403600538216,False,0,list,NULL,NULL,NULL,NULL
207403600330394,False,0,list,NULL,NULL,NULL,NULL
207403600612305,False,0,list,NULL,NULL,NULL,NULL
207403600610674,False,0,list,NULL,NULL,NULL,NULL
207403600613750,False,0,list,NULL,NULL,NULL,NULL
207403600598009,False,0,list,NULL,NULL,NULL,NULL
207403600588992,False,0,list,NULL,NULL,NULL,NULL
207403600605220,False,0,list,NULL,NULL,NULL,NULL
207403600610303,False,0,list,NULL,NULL,NULL,NULL
207403600608019,False,0,list,NULL,NULL,NULL,NULL
207403600599077,False,0,list,NULL,NULL,NULL,NULL
207403600605744,False,0,list,NULL,NULL,NULL,NULL
207403600602795,False,0,list,NULL,NULL,NULL,NULL
207403600596751,False,0,list,NULL,NULL,NULL,NULL
207403600607658,False,0,list,NULL,NULL,NULL,NULL
207403600607180,False,0,list,NULL,NULL,NULL,NULL
207403600606296,False,0,list,NULL,NULL,NULL,NULL
207403600606694,False,0,list,NULL,NULL,NULL,NULL
207403600604918,False,0,list,NULL,NULL,NULL,NULL
207403600604534,False,0,list,NULL,NULL,NULL,NULL
207403600614544,False,0,list,NULL,NULL,NULL,NULL
207403600605682,False,0,list,NULL,NULL,NULL,NULL
207403600612174,False,0,list,NULL,NULL,NULL,NULL
207403600604977,False,0,list,NULL,NULL,NULL,NULL
207403600607643,False,0,list,NULL,NULL,NULL,NULL
207403600608137,False,0,list,NULL,NULL,NULL,NULL
207403600608464,False,0,list,NULL,NULL,NULL,NULL
207403600611999,False,0,list,NULL,NULL,NULL,NULL
207403600610598,False,0,list,NULL,NULL,NULL,NULL
207403600605831,False,0,list,NULL,NULL,NULL,NULL
207403600606051,False,0,list,NULL,NULL,NULL,NULL
207403600610381,False,0,list,NULL,NULL,NULL,NULL
207403600590939,False,0,list,NULL,NULL,NULL,NULL
207403600607583,False,0,list,NULL,NULL,NULL,NULL
207403600616618,False,0,list,NULL,NULL,NULL,NULL
207403600614310,False,0,list,NULL,NULL,NULL,NULL
207403600605709,False,0,list,NULL,NULL,NULL,NULL
207403600616293,False,0,list,NULL,NULL,NULL,NULL
207403600615871,False,0,list,NULL,NULL,NULL,NULL
207403600606743,False,0,list,NULL,NULL,NULL,NULL
207403600614707,False,0,list,NULL,NULL,NULL,NULL
207403600607806,False,0,list,NULL,NULL,NULL,NULL
207403600604210,False,0,list,NULL,NULL,NULL,NULL
207403600601270,False,0,list,NULL,NULL,NULL,NULL
207403600600971,False,0,list,NULL,NULL,NULL,NULL
207403600594701,False,0,list,NULL,NULL,NULL,NULL
207403600607548,False,0,list,NULL,NULL,NULL,NULL
207403600614185,False,0,list,NULL,NULL,NULL,NULL
207403600611985,False,0,list,NULL,NULL,NULL,NULL
207403600614770,False,0,list,NULL,NULL,NULL,NULL
207403600569440,False,0,list,NULL,NULL,NULL,NULL
207403600612755,False,0,list,NULL,NULL,NULL,NULL
207403600597121,False,0,list,NULL,NULL,NULL,NULL
207403600605637,False,0,list,NULL,NULL,NULL,NULL
207403600606286,False,0,list,NULL,NULL,NULL,NULL
207403600615203,False,0,list,NULL,NULL,NULL,NULL
207403600615247,False,0,list,NULL,NULL,NULL,NULL
207403600605882,False,0,list,NULL,NULL,NULL,NULL
207403600605954,False,0,list,NULL,NULL,NULL,NULL
207403600608013,False,0,list,NULL,NULL,NULL,NULL
207403600604456,False,0,list,NULL,NULL,NULL,NULL
207403600605503,False,0,list,NULL,NULL,NULL,NULL
207403600614033,False,0,list,NULL,NULL,NULL,NULL
207403600616628,False,0,list,NULL,NULL,NULL,NULL
207403600611687,False,0,list,NULL,NULL,NULL,NULL
207403600610712,False,0,list,NULL,NULL,NULL,NULL
207403600608071,False,0,list,NULL,NULL,NULL,NULL
207403600611157,False,0,list,NULL,NULL,NULL,NULL
207403600599624,False,0,list,NULL,NULL,NULL,NULL
207403600608171,False,0,list,NULL,NULL,NULL,NULL
207403600597222,False,0,list,NULL,NULL,NULL,NULL
207403600605606,False,0,list,NULL,NULL,NULL,NULL
207403600605692,False,0,list,NULL,NULL,NULL,NULL
207403600608009,False,0,list,NULL,NULL,NULL,NULL
207403600616469,False,0,list,NULL,NULL,NULL,NULL
207403600613548,False,0,list,NULL,NULL,NULL,NULL
207403600610613,False,0,list,NULL,NULL,NULL,NULL
207403600610853,False,0,list,NULL,NULL,NULL,NULL
207403600604887,False,0,list,NULL,NULL,NULL,NULL
207403600611310,False,0,list,NULL,NULL,NULL,NULL
207403600614229,False,0,list,NULL,NULL,NULL,NULL
207403600606678,False,0,list,NULL,NULL,NULL,NULL
207403600616122,False,0,list,NULL,NULL,NULL,NULL
207403600608182,False,0,list,NULL,NULL,NULL,NULL
207403600611762,False,0,list,NULL,NULL,NULL,NULL
207403600615398,False,0,list,NULL,NULL,NULL,NULL
207403600614245,False,0,list,NULL,NULL,NULL,NULL
207403600610400,False,0,list,NULL,NULL,NULL,NULL
207403600591291,False,0,list,NULL,NULL,NULL,NULL
207403600605136,False,0,list,NULL,NULL,NULL,NULL
207403600606288,False,0,list,NULL,NULL,NULL,NULL
207403600597092,False,0,list,NULL,NULL,NULL,NULL
207403600590489,False,0,list,NULL,NULL,NULL,NULL
207403600597657,False,0,list,NULL,NULL,NULL,NULL
207403600599096,False,0,list,NULL,NULL,NULL,NULL
207403600605974,False,0,list,NULL,NULL,NULL,NULL
207403600600908,False,0,list,NULL,NULL,NULL,NULL
207403600605804,False,0,list,NULL,NULL,NULL,NULL
207403600594240,False,0,list,NULL,NULL,NULL,NULL
207403600608452,False,0,list,NULL,NULL,NULL,NULL
207403600607533,False,0,list,NULL,NULL,NULL,NULL
207403600616450,False,0,list,NULL,NULL,NULL,NULL
207403600606736,False,0,list,NULL,NULL,NULL,NULL
207403600606449,False,0,list,NULL,NULL,NULL,NULL
207403600481606,False,0,list,NULL,NULL,NULL,NULL
207403600614874,False,0,list,NULL,NULL,NULL,NULL
207403600604275,False,0,list,NULL,NULL,NULL,NULL
207403600614596,False,0,list,NULL,NULL,NULL,NULL
207403600610751,False,0,list,NULL,NULL,NULL,NULL
207403600616876,False,0,list,NULL,NULL,NULL,NULL
207403600610430,False,0,list,NULL,NULL,NULL,NULL
207403600610970,False,0,list,NULL,NULL,NULL,NULL
207403600614447,False,0,list,NULL,NULL,NULL,NULL
207403600614235,False,0,list,NULL,NULL,NULL,NULL
207403600608358,False,0,list,NULL,NULL,NULL,NULL
207403600580027,False,0,list,NULL,NULL,NULL,NULL
207403600603809,False,0,list,NULL,NULL,NULL,NULL
207403600601410,False,0,list,NULL,NULL,NULL,NULL
207403600604117,False,0,list,NULL,NULL,NULL,NULL
207403600604970,False,0,list,NULL,NULL,NULL,NULL
207403600607953,False,0,list,NULL,NULL,NULL,NULL
207403600586583,False,0,list,NULL,NULL,NULL,NULL
207403600610080,False,0,list,NULL,NULL,NULL,NULL
207403600604877,False,0,list,NULL,NULL,NULL,NULL
207403600611146,False,0,list,NULL,NULL,NULL,NULL
207403600611726,False,0,list,NULL,NULL,NULL,NULL
207403600604450,False,0,list,NULL,NULL,NULL,NULL
207403600181754,False,0,list,NULL,NULL,NULL,NULL
207403600600704,False,0,list,NULL,NULL,NULL,NULL
207403600604125,False,0,list,NULL,NULL,NULL,NULL
207403600616933,False,0,list,NULL,NULL,NULL,NULL
207403600593398,False,0,list,NULL,NULL,NULL,NULL
207403600533308,False,0,list,NULL,NULL,NULL,NULL
207403600615087,False,0,list,NULL,NULL,NULL,NULL
207403600616456,False,0,list,NULL,NULL,NULL,NULL
207403600606103,False,0,list,NULL,NULL,NULL,NULL
207403600606650,False,0,list,NULL,NULL,NULL,NULL
207403600611718,False,0,list,NULL,NULL,NULL,NULL
207403600608717,False,0,list,NULL,NULL,NULL,NULL
207403600601327,False,0,list,NULL,NULL,NULL,NULL
207403600606414,False,0,list,NULL,NULL,NULL,NULL
207403600605443,False,0,list,NULL,NULL,NULL,NULL
207403600604399,False,0,list,NULL,NULL,NULL,NULL
207403600608004,False,0,list,NULL,NULL,NULL,NULL
207403600610298,False,0,list,NULL,NULL,NULL,NULL
207403600614592,False,0,list,NULL,NULL,NULL,NULL
207403600601420,False,0,list,NULL,NULL,NULL,NULL
207403600608195,False,0,list,NULL,NULL,NULL,NULL
207403600613556,False,0,list,NULL,NULL,NULL,NULL
207403600606438,False,0,list,NULL,NULL,NULL,NULL
207403600612185,False,0,list,NULL,NULL,NULL,NULL
207403600605972,False,0,list,NULL,NULL,NULL,NULL
207403600604608,False,0,list,NULL,NULL,NULL,NULL
207403600614645,False,0,list,NULL,NULL,NULL,NULL
207403600605752,False,0,list,NULL,NULL,NULL,NULL
207403600605631,False,0,list,NULL,NULL,NULL,NULL
207403600605873,False,0,list,NULL,NULL,NULL,NULL
207403600607792,False,0,list,NULL,NULL,NULL,NULL
207403600605783,False,0,list,NULL,NULL,NULL,NULL
207403600614745,False,0,list,NULL,NULL,NULL,NULL
207403600611739,False,0,list,NULL,NULL,NULL,NULL
207403600604072,False,0,list,NULL,NULL,NULL,NULL
207403600527457,False,0,list,NULL,NULL,NULL,NULL
207403600608413,False,0,list,NULL,NULL,NULL,NULL
207403600596744,False,0,list,NULL,NULL,NULL,NULL
207403600611976,False,0,list,NULL,NULL,NULL,NULL
207403600601708,False,0,list,NULL,NULL,NULL,NULL
207403600600914,False,0,list,NULL,NULL,NULL,NULL
207403600306789,False,0,list,NULL,NULL,NULL,NULL
207403600547114,False,0,list,NULL,NULL,NULL,NULL
207403600612822,False,0,list,NULL,NULL,NULL,NULL
207403600591654,False,0,list,NULL,NULL,NULL,NULL
207403600616916,False,0,list,NULL,NULL,NULL,NULL
207403600392592,False,0,list,NULL,NULL,NULL,NULL
207403600478442,False,0,list,NULL,NULL,NULL,NULL
207403600594676,False,0,list,NULL,NULL,NULL,NULL
207403600595554,False,0,list,NULL,NULL,NULL,NULL
207403600591642,False,0,list,NULL,NULL,NULL,NULL
207403600604449,False,0,list,NULL,NULL,NULL,NULL
207403600614383,False,0,list,NULL,NULL,NULL,NULL
207403600597706,False,0,list,NULL,NULL,NULL,NULL
207403600614482,False,0,list,NULL,NULL,NULL,NULL
207403600591921,False,0,list,NULL,NULL,NULL,NULL
207403600247023,False,0,list,NULL,NULL,NULL,NULL
207403600613045,False,0,list,NULL,NULL,NULL,NULL
207403600237066,False,0,list,NULL,NULL,NULL,NULL
207403600607014,False,0,list,NULL,NULL,NULL,NULL
207403600323696,False,0,list,NULL,NULL,NULL,NULL
207403600606013,False,0,list,NULL,NULL,NULL,NULL
207403600615371,False,0,list,NULL,NULL,NULL,NULL
207403600599476,False,0,list,NULL,NULL,NULL,NULL
207403600611967,False,0,list,NULL,NULL,NULL,NULL
207403600586041,False,0,list,NULL,NULL,NULL,NULL
207403600604006,False,0,list,NULL,NULL,NULL,NULL
207403600533376,False,0,list,NULL,NULL,NULL,NULL
207403600591126,False,0,list,NULL,NULL,NULL,NULL
207403600598900,False,0,list,NULL,NULL,NULL,NULL
207403600610286,False,0,list,NULL,NULL,NULL,NULL
207403600597187,False,0,list,NULL,NULL,NULL,NULL
207403600596773,False,0,list,NULL,NULL,NULL,NULL
207403600602119,False,0,list,NULL,NULL,NULL,NULL
207403600268217,False,0,list,NULL,NULL,NULL,NULL
207403600122982,False,0,list,NULL,NULL,NULL,NULL
207403600513049,False,0,list,NULL,NULL,NULL,NULL
207403600606660,False,0,list,NULL,NULL,NULL,NULL
207403600453870,False,0,list,NULL,NULL,NULL,NULL
207403600244227,False,0,list,NULL,NULL,NULL,NULL
207403600561899,False,0,list,NULL,NULL,NULL,NULL
207403600595763,False,0,list,NULL,NULL,NULL,NULL
207403600604311,False,0,list,NULL,NULL,NULL,NULL
207403600199666,False,0,list,NULL,NULL,NULL,NULL
207403600591807,False,0,list,NULL,NULL,NULL,NULL
207403600188298,False,0,list,NULL,NULL,NULL,NULL
207403600614655,False,0,list,NULL,NULL,NULL,NULL
207403600497901,False,0,list,NULL,NULL,NULL,NULL
207403600563520,False,0,list,NULL,NULL,NULL,NULL
207403600612238,False,0,list,NULL,NULL,NULL,NULL
207403600156443,False,0,list,NULL,NULL,NULL,NULL
207403600496982,False,0,list,NULL,NULL,NULL,NULL
207403600500395,False,0,list,NULL,NULL,NULL,NULL
207403600606450,False,0,list,NULL,NULL,NULL,NULL
207403600611755,False,0,list,NULL,NULL,NULL,NULL
207403600604289,False,0,list,NULL,NULL,NULL,NULL
207403600595687,False,0,list,NULL,NULL,NULL,NULL
207403600427075,False,0,list,NULL,NULL,NULL,NULL
207403600614425,False,0,list,NULL,NULL,NULL,NULL
207403600598014,False,0,list,NULL,NULL,NULL,NULL
207403600277498,False,0,list,NULL,NULL,NULL,NULL
207403600604165,False,0,list,NULL,NULL,NULL,NULL
207403600610845,False,0,list,NULL,NULL,NULL,NULL
207403600604770,False,0,list,NULL,NULL,NULL,NULL
207403600606116,False,0,list,NULL,NULL,NULL,NULL
207403600608001,False,0,list,NULL,NULL,NULL,NULL
207403600603429,False,0,list,NULL,NULL,NULL,NULL
207403600610923,False,0,list,NULL,NULL,NULL,NULL
207403600597372,False,0,list,NULL,NULL,NULL,NULL
207403600604388,False,0,list,NULL,NULL,NULL,NULL
207403600603824,False,0,list,NULL,NULL,NULL,NULL
207403600610799,False,0,list,NULL,NULL,NULL,NULL
207403600607952,False,0,list,NULL,NULL,NULL,NULL
207403600610139,False,0,list,NULL,NULL,NULL,NULL
207403600607573,False,0,list,NULL,NULL,NULL,NULL
207403600611770,False,0,list,NULL,NULL,NULL,NULL
207403600605723,False,0,list,NULL,NULL,NULL,NULL
207403600614318,False,0,list,NULL,NULL,NULL,NULL
207403600617104,False,0,list,NULL,NULL,NULL,NULL
207403600611588,False,0,list,NULL,NULL,NULL,NULL
207403600596512,False,0,list,NULL,NULL,NULL,NULL
207403600607418,False,0,list,NULL,NULL,NULL,NULL
207403600600699,False,0,list,NULL,NULL,NULL,NULL
207403600614298,False,0,list,NULL,NULL,NULL,NULL
207403600612373,False,0,list,NULL,NULL,NULL,NULL
207403600607711,False,0,list,NULL,NULL,NULL,NULL
207403600597003,False,0,list,NULL,NULL,NULL,NULL
207403600604336,False,0,list,NULL,NULL,NULL,NULL
207403600616730,False,0,list,NULL,NULL,NULL,NULL
207403600616715,False,0,list,NULL,NULL,NULL,NULL
207403600613753,False,0,list,NULL,NULL,NULL,NULL
207403600606523,False,0,list,NULL,NULL,NULL,NULL
207403600612939,False,0,list,NULL,NULL,NULL,NULL
207403600604835,False,0,list,NULL,NULL,NULL,NULL
207403600607879,False,0,list,NULL,NULL,NULL,NULL
207403600608186,False,0,list,NULL,NULL,NULL,NULL
207403600607167,False,0,list,NULL,NULL,NULL,NULL
207403600608350,False,0,list,NULL,NULL,NULL,NULL
207403600616650,False,0,list,NULL,NULL,NULL,NULL
207403600615010,False,0,list,NULL,NULL,NULL,NULL
207403600606218,False,0,list,NULL,NULL,NULL,NULL
207403600594525,False,0,list,NULL,NULL,NULL,NULL
207403600614399,False,0,list,NULL,NULL,NULL,NULL
207403600591076,False,0,list,NULL,NULL,NULL,NULL
207403600611226,False,0,list,NULL,NULL,NULL,NULL
207403600614313,False,0,list,NULL,NULL,NULL,NULL
207403600612069,False,0,list,NULL,NULL,NULL,NULL
207403600599116,False,0,list,NULL,NULL,NULL,NULL
207403600610411,False,0,list,NULL,NULL,NULL,NULL
207403600605722,False,0,list,NULL,NULL,NULL,NULL
207403600604287,False,0,list,NULL,NULL,NULL,NULL
207403600614659,False,0,list,NULL,NULL,NULL,NULL
207403600611983,False,0,list,NULL,NULL,NULL,NULL
207403600509706,False,0,list,NULL,NULL,NULL,NULL
207403600616899,False,0,list,NULL,NULL,NULL,NULL
207403600611022,False,0,list,NULL,NULL,NULL,NULL
207403600603138,False,0,list,NULL,NULL,NULL,NULL
207403600611679,False,0,list,NULL,NULL,NULL,NULL
207403600612267,False,0,list,NULL,NULL,NULL,NULL
207403600607404,False,0,list,NULL,NULL,NULL,NULL
207403600604948,False,0,list,NULL,NULL,NULL,NULL
207403600604490,False,0,list,NULL,NULL,NULL,NULL
207403600559915,False,0,list,NULL,NULL,NULL,NULL
207403600602738,False,0,list,NULL,NULL,NULL,NULL
207403600596604,False,0,list,NULL,NULL,NULL,NULL
207403600604375,False,0,list,NULL,NULL,NULL,NULL
207403600597361,False,0,list,NULL,NULL,NULL,NULL
207403600606791,False,0,list,NULL,NULL,NULL,NULL
207403600606138,False,0,list,NULL,NULL,NULL,NULL
207403600604150,False,0,list,NULL,NULL,NULL,NULL
207403600594718,False,0,list,NULL,NULL,NULL,NULL
207403600595827,False,0,list,NULL,NULL,NULL,NULL
207403600607461,False,0,list,NULL,NULL,NULL,NULL
207403600597157,False,0,list,NULL,NULL,NULL,NULL
207403600471861,False,0,list,NULL,NULL,NULL,NULL
207403600603484,False,0,list,NULL,NULL,NULL,NULL
207403600601180,False,0,list,NULL,NULL,NULL,NULL
207403600615109,False,0,list,NULL,NULL,NULL,NULL
207403600598860,False,0,list,NULL,NULL,NULL,NULL
207403600604564,False,0,list,NULL,NULL,NULL,NULL
207403600600917,False,0,list,NULL,NULL,NULL,NULL
207403600211943,False,0,list,NULL,NULL,NULL,NULL
207403600613846,False,0,list,NULL,NULL,NULL,NULL
207403600607367,False,0,list,NULL,NULL,NULL,NULL
207403600597006,False,0,list,NULL,NULL,NULL,NULL
207403600605125,False,0,list,NULL,NULL,NULL,NULL
207403600604596,False,0,list,NULL,NULL,NULL,NULL
207403600607763,False,0,list,NULL,NULL,NULL,NULL
207403600590304,False,0,list,NULL,NULL,NULL,NULL
207403600611113,False,0,list,NULL,NULL,NULL,NULL
207403600607850,False,0,list,NULL,NULL,NULL,NULL
207403600600435,False,0,list,NULL,NULL,NULL,NULL
207403600606821,False,0,list,NULL,NULL,NULL,NULL
207403600604555,False,0,list,NULL,NULL,NULL,NULL
207403600612270,False,0,list,NULL,NULL,NULL,NULL
207403600597497,False,0,list,NULL,NULL,NULL,NULL
207403600595392,False,0,list,NULL,NULL,NULL,NULL
207403600603209,False,0,list,NULL,NULL,NULL,NULL
207403600262959,False,0,list,NULL,NULL,NULL,NULL
207403600591040,False,0,list,NULL,NULL,NULL,NULL
207403600597441,False,0,list,NULL,NULL,NULL,NULL
207403600594180,False,0,list,NULL,NULL,NULL,NULL
207403600579802,False,0,list,NULL,NULL,NULL,NULL
207403600607454,False,0,list,NULL,NULL,NULL,NULL
207403600605023,False,0,list,NULL,NULL,NULL,NULL
207403600611036,False,0,list,NULL,NULL,NULL,NULL
207403600614125,False,0,list,NULL,NULL,NULL,NULL
207403600583657,False,0,list,NULL,NULL,NULL,NULL
207403600461719,False,0,list,NULL,NULL,NULL,NULL
207403600614317,False,0,list,NULL,NULL,NULL,NULL
207403600605370,False,0,list,NULL,NULL,NULL,NULL
207403600571595,False,0,list,NULL,NULL,NULL,NULL
207403600601222,False,0,list,NULL,NULL,NULL,NULL
207403600605602,False,0,list,NULL,NULL,NULL,NULL
207403600600836,False,0,list,NULL,NULL,NULL,NULL
207403600605734,False,0,list,NULL,NULL,NULL,NULL
207403600612008,False,0,list,NULL,NULL,NULL,NULL
207403600614200,False,0,list,NULL,NULL,NULL,NULL
207403600605714,False,0,list,NULL,NULL,NULL,NULL
207403600604435,False,0,list,NULL,NULL,NULL,NULL
207403600612799,False,0,list,NULL,NULL,NULL,NULL
207403600596049,False,0,list,NULL,NULL,NULL,NULL
207403600604468,False,0,list,NULL,NULL,NULL,NULL
207403600614244,False,0,list,NULL,NULL,NULL,NULL
207403600604964,False,0,list,NULL,NULL,NULL,NULL
207403600605693,False,0,list,NULL,NULL,NULL,NULL
207403600610919,False,0,list,NULL,NULL,NULL,NULL
207403600614422,False,0,list,NULL,NULL,NULL,NULL
207403600606857,False,0,list,NULL,NULL,NULL,NULL
207403600606482,False,0,list,NULL,NULL,NULL,NULL
207403600616277,False,0,list,NULL,NULL,NULL,NULL
207403600600706,False,0,list,NULL,NULL,NULL,NULL
207403600604355,False,0,list,NULL,NULL,NULL,NULL
207403600395507,False,0,list,NULL,NULL,NULL,NULL
207403600608076,False,0,list,NULL,NULL,NULL,NULL
207403600612618,False,0,list,NULL,NULL,NULL,NULL
207403600600945,False,0,list,NULL,NULL,NULL,NULL
207403600604635,False,0,list,NULL,NULL,NULL,NULL
207403600611494,False,0,list,NULL,NULL,NULL,NULL
207403600599657,False,0,list,NULL,NULL,NULL,NULL
207403600606053,False,0,list,NULL,NULL,NULL,NULL
207403600599909,False,0,list,NULL,NULL,NULL,NULL
207403600613352,False,0,list,NULL,NULL,NULL,NULL
207403600593504,False,0,list,NULL,NULL,NULL,NULL
207403600610299,False,0,list,NULL,NULL,NULL,NULL
207403600610266,False,0,list,NULL,NULL,NULL,NULL
207403600611064,False,0,list,NULL,NULL,NULL,NULL
207403600616095,False,0,list,NULL,NULL,NULL,NULL
207403600595902,False,0,list,NULL,NULL,NULL,NULL
207403600614873,False,0,list,NULL,NULL,NULL,NULL
207403600606551,False,0,list,NULL,NULL,NULL,NULL
207403600601330,False,0,list,NULL,NULL,NULL,NULL
207403600612114,False,0,list,NULL,NULL,NULL,NULL
207403600607586,False,0,list,NULL,NULL,NULL,NULL
207403600606378,False,0,list,NULL,NULL,NULL,NULL
207403600614940,False,0,list,NULL,NULL,NULL,NULL
207403600611063,False,0,list,NULL,NULL,NULL,NULL
207403600604986,False,0,list,NULL,NULL,NULL,NULL
207403600614152,False,0,list,NULL,NULL,NULL,NULL
207403600597165,False,0,list,NULL,NULL,NULL,NULL
207403600610867,False,0,list,NULL,NULL,NULL,NULL
207403600611616,False,0,list,NULL,NULL,NULL,NULL
207403600611892,False,0,list,NULL,NULL,NULL,NULL
207403600606007,False,0,list,NULL,NULL,NULL,NULL
207403600611652,False,0,list,NULL,NULL,NULL,NULL
207403600616126,False,0,list,NULL,NULL,NULL,NULL
207403600605638,False,0,list,NULL,NULL,NULL,NULL
207403600610769,False,0,list,NULL,NULL,NULL,NULL
207403600602189,False,0,list,NULL,NULL,NULL,NULL
207403600392478,False,0,list,NULL,NULL,NULL,NULL
207403600604858,False,0,list,NULL,NULL,NULL,NULL
207403600610433,False,0,list,NULL,NULL,NULL,NULL
207403600615894,False,0,list,NULL,NULL,NULL,NULL
207403600615477,False,0,list,NULL,NULL,NULL,NULL
207403600611745,False,0,list,NULL,NULL,NULL,NULL
207403600614590,False,0,list,NULL,NULL,NULL,NULL
207403600616542,False,0,list,NULL,NULL,NULL,NULL
207403600614708,False,0,list,NULL,NULL,NULL,NULL
207403600576413,False,0,list,NULL,NULL,NULL,NULL
207403600605314,False,0,list,NULL,NULL,NULL,NULL
207403600614252,False,0,list,NULL,NULL,NULL,NULL
207403600614099,False,0,list,NULL,NULL,NULL,NULL
207403600614414,False,0,list,NULL,NULL,NULL,NULL
207403600606070,False,0,list,NULL,NULL,NULL,NULL
207403600606214,False,0,list,NULL,NULL,NULL,NULL
207403600608669,False,0,list,NULL,NULL,NULL,NULL
207403600614335,False,0,list,NULL,NULL,NULL,NULL
207403600614175,False,0,list,NULL,NULL,NULL,NULL
207403600605472,False,0,list,NULL,NULL,NULL,NULL
207403600606831,False,0,list,NULL,NULL,NULL,NULL
207403600611958,False,0,list,NULL,NULL,NULL,NULL
207403600605753,False,0,list,NULL,NULL,NULL,NULL
207403600606056,False,0,list,NULL,NULL,NULL,NULL
207403600614611,False,0,list,NULL,NULL,NULL,NULL
207403600599894,False,0,list,NULL,NULL,NULL,NULL
207403600604408,False,0,list,NULL,NULL,NULL,NULL
207403600611987,False,0,list,NULL,NULL,NULL,NULL
207403600614115,False,0,list,NULL,NULL,NULL,NULL
207403600605491,False,0,list,NULL,NULL,NULL,NULL
207403600616186,False,0,list,NULL,NULL,NULL,NULL
207403600604525,False,0,list,NULL,NULL,NULL,NULL
207403600615409,False,0,list,NULL,NULL,NULL,NULL
207403600605676,False,0,list,NULL,NULL,NULL,NULL
207403600615191,False,0,list,NULL,NULL,NULL,NULL
207403600614114,False,0,list,NULL,NULL,NULL,NULL
207403600614230,False,0,list,NULL,NULL,NULL,NULL
207403600611661,False,0,list,NULL,NULL,NULL,NULL
207403600610861,False,0,list,NULL,NULL,NULL,NULL
207403600614321,False,0,list,NULL,NULL,NULL,NULL
207403600606028,False,0,list,NULL,NULL,NULL,NULL
207403600608183,False,0,list,NULL,NULL,NULL,NULL
207403600611150,False,0,list,NULL,NULL,NULL,NULL
207403600610549,False,0,list,NULL,NULL,NULL,NULL
207403600606612,False,0,list,NULL,NULL,NULL,NULL
207403600603918,False,0,list,NULL,NULL,NULL,NULL
207403600606385,False,0,list,NULL,NULL,NULL,NULL
207403600604884,False,0,list,NULL,NULL,NULL,NULL
207403600608000,False,0,list,NULL,NULL,NULL,NULL
207403600613824,False,0,list,NULL,NULL,NULL,NULL
207403600606644,False,0,list,NULL,NULL,NULL,NULL
207403600611378,False,0,list,NULL,NULL,NULL,NULL
207403600608072,False,0,list,NULL,NULL,NULL,NULL
207403600607899,False,0,list,NULL,NULL,NULL,NULL
207403600595448,False,0,list,NULL,NULL,NULL,NULL
207403600612659,False,0,list,NULL,NULL,NULL,NULL
207403600614570,False,0,list,NULL,NULL,NULL,NULL
207403600615033,False,0,list,NULL,NULL,NULL,NULL
207403600614249,False,0,list,NULL,NULL,NULL,NULL
207403600535194,False,0,list,NULL,NULL,NULL,NULL
207403600593313,False,0,list,NULL,NULL,NULL,NULL
207403600611200,False,0,list,NULL,NULL,NULL,NULL
207403600614951,False,0,list,NULL,NULL,NULL,NULL
207403600605919,False,0,list,NULL,NULL,NULL,NULL
207403600615127,False,0,list,NULL,NULL,NULL,NULL
207403600613304,False,0,list,NULL,NULL,NULL,NULL
207403600606669,False,0,list,NULL,NULL,NULL,NULL
207403600610363,False,0,list,NULL,NULL,NULL,NULL
207403600601403,False,0,list,NULL,NULL,NULL,NULL
207403600606272,False,0,list,NULL,NULL,NULL,NULL
207403600606824,False,0,list,NULL,NULL,NULL,NULL
207403600611689,False,0,list,NULL,NULL,NULL,NULL
207403600614172,False,0,list,NULL,NULL,NULL,NULL
207403600614982,False,0,list,NULL,NULL,NULL,NULL
207403600599409,False,0,list,NULL,NULL,NULL,NULL
207403600601473,False,0,list,NULL,NULL,NULL,NULL
207403600605845,False,0,list,NULL,NULL,NULL,NULL
207403600606704,False,0,list,NULL,NULL,NULL,NULL
207403600606117,False,0,list,NULL,NULL,NULL,NULL
207403600604816,False,0,list,NULL,NULL,NULL,NULL
20676600715030,False,0,list,NULL,NULL,NULL,NULL
20676600716796,False,0,list,NULL,NULL,NULL,NULL
20676600716848,False,0,list,NULL,NULL,NULL,NULL
20676600717432,False,0,list,NULL,NULL,NULL,NULL
20676600718145,False,0,list,NULL,NULL,NULL,NULL
20676600718451,False,0,list,NULL,NULL,NULL,NULL
20676600718616,False,0,list,NULL,NULL,NULL,NULL
20676600718906,False,0,list,NULL,NULL,NULL,NULL
20676600719063,False,0,list,NULL,NULL,NULL,NULL
20676600719155,False,0,list,NULL,NULL,NULL,NULL
20676600721654,False,0,list,NULL,NULL,NULL,NULL
20676600724746,False,0,list,NULL,NULL,NULL,NULL
20676600725472,False,0,list,NULL,NULL,NULL,NULL
20676600726111,False,0,list,NULL,NULL,NULL,NULL
20676600727925,False,0,list,NULL,NULL,NULL,NULL
20676600729998,False,0,list,NULL,NULL,NULL,NULL
20676600730562,False,0,list,NULL,NULL,NULL,NULL
20676600737977,False,0,list,NULL,NULL,NULL,NULL
20676600738050,False,0,list,NULL,NULL,NULL,NULL
20676600907286,False,0,list,NULL,NULL,NULL,NULL
20676600916101,False,0,list,NULL,NULL,NULL,NULL
20676600924921,False,0,list,NULL,NULL,NULL,NULL
14247685339,False,0,list,NULL,NULL,NULL,NULL
20676600255912,False,0,list,NULL,NULL,NULL,NULL
20676600287105,False,0,list,NULL,NULL,NULL,NULL
20676600287358,False,0,list,NULL,NULL,NULL,NULL
20676600287453,False,0,list,NULL,NULL,NULL,NULL
20676600288304,False,0,list,NULL,NULL,NULL,NULL
20676600288662,False,0,list,NULL,NULL,NULL,NULL
20676600289999,False,0,list,NULL,NULL,NULL,NULL
20676600290321,False,0,list,NULL,NULL,NULL,NULL
20676600290653,False,0,list,NULL,NULL,NULL,NULL
20676600290923,False,0,list,NULL,NULL,NULL,NULL
20676600292112,False,0,list,NULL,NULL,NULL,NULL
20676600296548,False,0,list,NULL,NULL,NULL,NULL
20676600296870,False,0,list,NULL,NULL,NULL,NULL
20676600297049,False,0,list,NULL,NULL,NULL,NULL
20676600297476,False,0,list,NULL,NULL,NULL,NULL
20676600298054,False,0,list,NULL,NULL,NULL,NULL
20676600298137,False,0,list,NULL,NULL,NULL,NULL
20676600299239,False,0,list,NULL,NULL,NULL,NULL
20676600300637,False,0,list,NULL,NULL,NULL,NULL
20676600301371,False,0,list,NULL,NULL,NULL,NULL
20676600301606,False,0,list,NULL,NULL,NULL,NULL
20676600302466,False,0,list,NULL,NULL,NULL,NULL
20676600304441,False,0,list,NULL,NULL,NULL,NULL
20676600304819,False,0,list,NULL,NULL,NULL,NULL
20676600305011,False,0,list,NULL,NULL,NULL,NULL
20676600306849,False,0,list,NULL,NULL,NULL,NULL
20676600310514,False,0,list,NULL,NULL,NULL,NULL
20676600713265,False,0,list,NULL,NULL,NULL,NULL
20676600714203,False,0,list,NULL,NULL,NULL,NULL
20676600715437,False,0,list,NULL,NULL,NULL,NULL
20676600715473,False,0,list,NULL,NULL,NULL,NULL
20676600716268,False,0,list,NULL,NULL,NULL,NULL
20676600716767,False,0,list,NULL,NULL,NULL,NULL
20676600718075,False,0,list,NULL,NULL,NULL,NULL
20676600719110,False,0,list,NULL,NULL,NULL,NULL
20676600720265,False,0,list,NULL,NULL,NULL,NULL
20676600721123,False,0,list,NULL,NULL,NULL,NULL
20676600722387,False,0,list,NULL,NULL,NULL,NULL
20676600723728,False,0,list,NULL,NULL,NULL,NULL
20676600725468,False,0,list,NULL,NULL,NULL,NULL
20676600728157,False,0,list,NULL,NULL,NULL,NULL
20676600728852,False,0,list,NULL,NULL,NULL,NULL
20676600729121,False,0,list,NULL,NULL,NULL,NULL
20676600733229,False,0,list,NULL,NULL,NULL,NULL
20676600745091,False,0,list,NULL,NULL,NULL,NULL
20676600746999,False,0,list,NULL,NULL,NULL,NULL
20676600749211,False,0,list,NULL,NULL,NULL,NULL
20676600751651,False,0,list,NULL,NULL,NULL,NULL
20676600759875,False,0,list,NULL,NULL,NULL,NULL
20676600759977,False,0,list,NULL,NULL,NULL,NULL
20676600779517,False,0,list,NULL,NULL,NULL,NULL
20676600803587,False,0,list,NULL,NULL,NULL,NULL
20676600810970,False,0,list,NULL,NULL,NULL,NULL
20676600842923,False,0,list,NULL,NULL,NULL,NULL
20676600901556,False,0,list,NULL,NULL,NULL,NULL
20676600902885,False,0,list,NULL,NULL,NULL,NULL
20676600903320,False,0,list,NULL,NULL,NULL,NULL
20676600903953,False,0,list,NULL,NULL,NULL,NULL
20676600338150,False,0,list,NULL,NULL,NULL,NULL
20676600430198,False,0,list,NULL,NULL,NULL,NULL
20676600501697,False,0,list,NULL,NULL,NULL,NULL
20676600344678,False,0,list,NULL,NULL,NULL,NULL
20676600046243,False,0,list,NULL,NULL,NULL,NULL
20676600054649,False,0,list,NULL,NULL,NULL,NULL
20676600056769,False,0,list,NULL,NULL,NULL,NULL
20676600065710,False,0,list,NULL,NULL,NULL,NULL
20676600262137,False,0,list,NULL,NULL,NULL,NULL
20676600263666,False,0,list,NULL,NULL,NULL,NULL
20676600265557,False,0,list,NULL,NULL,NULL,NULL
20676600286977,False,0,list,NULL,NULL,NULL,NULL
20676600288065,False,0,list,NULL,NULL,NULL,NULL
20676600289841,False,0,list,NULL,NULL,NULL,NULL
20676600290492,False,0,list,NULL,NULL,NULL,NULL
20676600290710,False,0,list,NULL,NULL,NULL,NULL
20676600295397,False,0,list,NULL,NULL,NULL,NULL
20676600295580,False,0,list,NULL,NULL,NULL,NULL
20676600296466,False,0,list,NULL,NULL,NULL,NULL
20676600297445,False,0,list,NULL,NULL,NULL,NULL
20676600297931,False,0,list,NULL,NULL,NULL,NULL
20676600298560,False,0,list,NULL,NULL,NULL,NULL
20676600299338,False,0,list,NULL,NULL,NULL,NULL
20676600300060,False,0,list,NULL,NULL,NULL,NULL
20676600303136,False,0,list,NULL,NULL,NULL,NULL
20676600304144,False,0,list,NULL,NULL,NULL,NULL
20676600304963,False,0,list,NULL,NULL,NULL,NULL
20676600305572,False,0,list,NULL,NULL,NULL,NULL
20676600306567,False,0,list,NULL,NULL,NULL,NULL
20676600308289,False,0,list,NULL,NULL,NULL,NULL
20676600309956,False,0,list,NULL,NULL,NULL,NULL
20676600316595,False,0,list,NULL,NULL,NULL,NULL
20676600316847,False,0,list,NULL,NULL,NULL,NULL
20676600323800,False,0,list,NULL,NULL,NULL,NULL
20676600324645,False,0,list,NULL,NULL,NULL,NULL
20676600502378,False,0,list,NULL,NULL,NULL,NULL
20676600397568,False,0,list,NULL,NULL,NULL,NULL
20676600397912,False,0,list,NULL,NULL,NULL,NULL
20676600400415,False,0,list,NULL,NULL,NULL,NULL
20676600405138,False,0,list,NULL,NULL,NULL,NULL
20676600409077,False,0,list,NULL,NULL,NULL,NULL
20676600412318,False,0,list,NULL,NULL,NULL,NULL
20676600414930,False,0,list,NULL,NULL,NULL,NULL
20676600415261,False,0,list,NULL,NULL,NULL,NULL
20676600415987,False,0,list,NULL,NULL,NULL,NULL
20676600419361,False,0,list,NULL,NULL,NULL,NULL
20676600421123,False,0,list,NULL,NULL,NULL,NULL
20676600429349,False,0,list,NULL,NULL,NULL,NULL
20676600429732,False,0,list,NULL,NULL,NULL,NULL
20676600430645,False,0,list,NULL,NULL,NULL,NULL
20676600432384,False,0,list,NULL,NULL,NULL,NULL
20676600433759,False,0,list,NULL,NULL,NULL,NULL
20676600436334,False,0,list,NULL,NULL,NULL,NULL
20676600437165,False,0,list,NULL,NULL,NULL,NULL
20676600437379,False,0,list,NULL,NULL,NULL,NULL
20676600439750,False,0,list,NULL,NULL,NULL,NULL
20676600441079,False,0,list,NULL,NULL,NULL,NULL
20676600441219,False,0,list,NULL,NULL,NULL,NULL
20676600443323,False,0,list,NULL,NULL,NULL,NULL
20676600446101,False,0,list,NULL,NULL,NULL,NULL
20676600446124,False,0,list,NULL,NULL,NULL,NULL
20676600447052,False,0,list,NULL,NULL,NULL,NULL
20676600448903,False,0,list,NULL,NULL,NULL,NULL
20676600449035,False,0,list,NULL,NULL,NULL,NULL
20676600450492,False,0,list,NULL,NULL,NULL,NULL
20676600451546,False,0,list,NULL,NULL,NULL,NULL
20676600459151,False,0,list,NULL,NULL,NULL,NULL
20676600607017,False,0,list,NULL,NULL,NULL,NULL
20676600436390,False,0,list,NULL,NULL,NULL,NULL
20676600282004,False,0,list,NULL,NULL,NULL,NULL
20676600522889,False,0,list,NULL,NULL,NULL,NULL
20676600728694,False,0,list,NULL,NULL,NULL,NULL
20676600326702,False,0,list,NULL,NULL,NULL,NULL
20676600326726,False,0,list,NULL,NULL,NULL,NULL
20676600329797,False,0,list,NULL,NULL,NULL,NULL
20676600331975,False,0,list,NULL,NULL,NULL,NULL
20676600332990,False,0,list,NULL,NULL,NULL,NULL
20676600334944,False,0,list,NULL,NULL,NULL,NULL
20676600341540,False,0,list,NULL,NULL,NULL,NULL
20676600348320,False,0,list,NULL,NULL,NULL,NULL
20676600349953,False,0,list,NULL,NULL,NULL,NULL
20676600353448,False,0,list,NULL,NULL,NULL,NULL
20676600354774,False,0,list,NULL,NULL,NULL,NULL
20676600355118,False,0,list,NULL,NULL,NULL,NULL
20676600355569,False,0,list,NULL,NULL,NULL,NULL
20676600355892,False,0,list,NULL,NULL,NULL,NULL
20676600355948,False,0,list,NULL,NULL,NULL,NULL
20676600357359,False,0,list,NULL,NULL,NULL,NULL
20676600357937,False,0,list,NULL,NULL,NULL,NULL
20676600358169,False,0,list,NULL,NULL,NULL,NULL
20676600363041,False,0,list,NULL,NULL,NULL,NULL
20676600366417,False,0,list,NULL,NULL,NULL,NULL
20676600366504,False,0,list,NULL,NULL,NULL,NULL
20676600367900,False,0,list,NULL,NULL,NULL,NULL
20676600370284,False,0,list,NULL,NULL,NULL,NULL
20676600370963,False,0,list,NULL,NULL,NULL,NULL
20676600372404,False,0,list,NULL,NULL,NULL,NULL
20676600375276,False,0,list,NULL,NULL,NULL,NULL
20676600378193,False,0,list,NULL,NULL,NULL,NULL
20676600378544,False,0,list,NULL,NULL,NULL,NULL
20676600381786,False,0,list,NULL,NULL,NULL,NULL
20676600388989,False,0,list,NULL,NULL,NULL,NULL
20676600389500,False,0,list,NULL,NULL,NULL,NULL
20676600617372,False,0,list,NULL,NULL,NULL,NULL
20676600617561,False,0,list,NULL,NULL,NULL,NULL
20676600618587,False,0,list,NULL,NULL,NULL,NULL
20676600619385,False,0,list,NULL,NULL,NULL,NULL
20676600622099,False,0,list,NULL,NULL,NULL,NULL
20676600627315,False,0,list,NULL,NULL,NULL,NULL
20676600631318,False,0,list,NULL,NULL,NULL,NULL
20676600641281,False,0,list,NULL,NULL,NULL,NULL
20676600652617,False,0,list,NULL,NULL,NULL,NULL
20676600655200,False,0,list,NULL,NULL,NULL,NULL
20676600656827,False,0,list,NULL,NULL,NULL,NULL
20676600663201,False,0,list,NULL,NULL,NULL,NULL
20676600670227,False,0,list,NULL,NULL,NULL,NULL
20676600671628,False,0,list,NULL,NULL,NULL,NULL
20676600672645,False,0,list,NULL,NULL,NULL,NULL
20676600672722,False,0,list,NULL,NULL,NULL,NULL
20676600672876,False,0,list,NULL,NULL,NULL,NULL
20676600684002,False,0,list,NULL,NULL,NULL,NULL
20676600684540,False,0,list,NULL,NULL,NULL,NULL
20676600688543,False,0,list,NULL,NULL,NULL,NULL
20676600688641,False,0,list,NULL,NULL,NULL,NULL
20676600689401,False,0,list,NULL,NULL,NULL,NULL
20676600690267,False,0,list,NULL,NULL,NULL,NULL
20676600690774,False,0,list,NULL,NULL,NULL,NULL
20676600692249,False,0,list,NULL,NULL,NULL,NULL
20676600693271,False,0,list,NULL,NULL,NULL,NULL
20676600693780,False,0,list,NULL,NULL,NULL,NULL
20676600695651,False,0,list,NULL,NULL,NULL,NULL
20676600695952,False,0,list,NULL,NULL,NULL,NULL
20676600702636,False,0,list,NULL,NULL,NULL,NULL
20676600704964,False,0,list,NULL,NULL,NULL,NULL
20676600395255,False,0,list,NULL,NULL,NULL,NULL
20676600377153,False,0,list,NULL,NULL,NULL,NULL
20676600378268,False,0,list,NULL,NULL,NULL,NULL
20676600378550,False,0,list,NULL,NULL,NULL,NULL
20676600378821,False,0,list,NULL,NULL,NULL,NULL
20676600379281,False,0,list,NULL,NULL,NULL,NULL
20676600381000,False,0,list,NULL,NULL,NULL,NULL
20676600385785,False,0,list,NULL,NULL,NULL,NULL
20676600386661,False,0,list,NULL,NULL,NULL,NULL
